1802099,Printers
1802189,12th Gen Laptops
1802278,Monitors
1802365,Core i5 Laptops
1802445,Printers
1802558,Core i3 Laptops
1802689,BenQ Monitors
1802777,Monitors
1802832,Studio Headphones
1802991,Gym Essentials
1803150,Car Lubricant
1803309,Dumbbell
1803468,Car pressure washer
1803627,Musical Keyboards
1803786,Baby Bedding
1803945,Self Help Books
1804104,Thin And Light Laptops
1804263,Top Mirrorless Cameras
1804422,Monitors
1804581,Core i5 Laptops
1804740,Printers
1804899,Gaming Laptops
1805058,Core i3 Laptops
1805217,Best of Women Trimmers
1805376,Microphones
1805535,Premium Cycle
1805694,String Instruments
1805853,Deodrants and Perfumes
1806012,Coffee Powder
1806171,Treadmill Exercise Bikes & More
1806330,Premium Footballs
1806489,Baby Bathing Accessories
1806648,Premium Laptops
1806807,Projectors
1806966,Core i5 Laptops
1807125,Core i3 Laptops
1807284,BenQ Monitors
1807443,ViewSonic Monitors
1807602,Monitor
1807761,Studio Headphones
1807920,Fiction Books
1808079,Tricycles & Rideons
1808238,Premium Non-Geared Cycles
1808397,Baby Oral Care
1808556,Gym Essentials
1808715,Coffee Powder
1808874,Ab Exerciser
1809033,Best of Hair Dryers
1809192,12th Gen Laptops
1809351,Printers
1809510,Projectors
1809669,Gaming Laptops
1809828,Printers
1809987,Monitors
1810146,BenQ Monitors
1810305,Premium Cycle
1810464,Microphones
1810623,Deodrants and Perfumes
1810782,Women Hygiene
1810941,Tricycles & Rideons
1811100,Cycles Accesiories
1811259,Skin Care
1811418,Cricket
1603456,Flask
1245780,Musical Keyboards
1324523,Plain Case & Covers
1603457,Cookware Range
1245781,Miss & Chief Kids Cycles
1324524,MarQ by Flipkart 60 cm (24 inch) HD Ready LED TV
1603458,Mirrorless Cameras
1245782,Water Bottles
1324525,Camera Accessories
1603459,Decorative Wall Shelves
1245783,Microphone
1324526,Flask
1603460,Pressure Cookers
1245784,Action Figure
1324527,Laser Printers
1603461,Apple iPads
1245785,Induction Cooktops
1324528,Home Temples
1603462,Decorative Wall Shelves
1245786,Flask
1324529,Action Figure
1603463,Bookshelves
1245787,Designer Cases & Covers
1324530,Soundbars and Home Theatres
1603464,Flask
1245788,40-43 inch Smart TVs
1324531,Decorate your Home
1603465,Floormats
1245789,Decorative Wall Shelves
1324532,MarQ by Flipkart 60 cm (24 inch) HD Ready LED TV
1603466,Ukuleles & Guitars
1245790,Flask
1324533,Action Cameras
1603467,Water Bottles
1245791,Home Temples
1324534,College Supplies
1603468,Microphone
1245792,Pressure Cookers
1324535,Designer Cases & Covers
1603469,Flask
1245793,Lunch Boxes
1324536,Puzzle
1603470,DSLR cameras
1245794,Containers
1324537,Pressure Cookers
1603471,Floormats
1245795,Samsug Galaxy Tabs
1324538,40-43 inch Smart TVs
1603472,Recliners
1245796,Plain Case & Covers
1324539,Flask
1603473,Portable Laptop Table
1245797,Top Projectors
1324540,Lenovo Tab M10
1603474,Cookware Range
1245798,Apple iPads
1324541,Role Play Toys
1603475,Floormats
1245799,Cookware Set
1324542,realme Pad
1603476,Top Water Purifiers
1245800,"Irons, Juicer Mixer Grinder"
1324543,UltraWide Monitors
1603477,Lunch Boxes
1245801,Office Supplies
1324544,Office Study Chairs
1603478,Plain Cases & Covers
1245802,40-43 inch Smart TVs
1324545,Cookware Range
1603479,Sofa & Sectional
1245803,Baby Toys
1324546,Designer Cases & Covers
1603480,Camera Accessories
1245804,Lunch Boxes
1324547,Decorative Wall Shelves
1603481,Mi & REDMI
1245805,Flask
1324548,Ukuleles & Guitars
1603482,Pressure Cookers
1245806,Point & Shoot Camera
1324549,Office Stationaries
1603483,Lunch Boxes
1245807,Dining Sets
1324550,Musical Toys
1603484,Portable Laptop Table
1245808,realme Pad
1324551,Hurry!! Top Selling Helmets
1603485,Top Water Purifiers
1245809,Musical Toys
1324552,Water Bottles
1603486,Camera Accessories
1245810,Soundbars and Home Theatres
1324553,Mirrorless Cameras
1603487,Soft Toys
1245811,Portable Laptop Table
1324554,Water Bottles
1603488,Portable Laptop Table
1245812,Puzzle
1324555,DSLR cameras
1603489,Hurry!! Top Selling Helmets
1245813,Flask
1324556,Laser Printers
1603490,Acoustic Guitars
1245814,Action Cameras
1324557,Hurry!! Top Selling Helmets
1603491,Flask
1245815,Point & Shoot Camera
1324558,Soundbars and Home Theatres
1603492,Containers
1245816,BabyToys
1324559,Soft Toys
1603493,BabyToys
1245817,Water Bottles
1324560,Wireless Powerbanks
1603494,Plain Cases & Covers
1245818,Puzzle
1324561,Hurry!! Top Selling Helmets
1603495,40-43 inch Smart TVs
1245819,Action Figure
1324562,Action Cameras
1603496,Flask
1245820,realme Pad
1324563,Hurry!! Top Selling Helmets
1603497,Keyboards
1245821,Floormats
1324564,Sofa & Sectional
1603498,Laser Printers
1245822,Designer Cases & Covers
1324565,Water Bottles
1603499,Lunch Boxes
1245823,realme Pad
1324566,Toy Sport
1603500,Containers
1245824,Office Stationaries
1324567,Baby Toys
1603501,Pressure Cookers
1245825,BabyToys
1324568,Home Temples
1603502,Mi & REDMI
1245826,Office Stationaries
1324569,Physical Games
1603503,Plain Cases & Covers
1245827,Ukuleles & Guitars
1324570,Kitchen Tools
1603504,Water Bottles
1245828,Lunch Boxes
1324571,Soundbars and Home Theatres
1603505,Bookshelves
1245829,Plain Cases & Covers
1324572,Mirrorless cameras
1603506,Puzzle
1245830,Mi & REDMI
1324573,Action Cameras
1603507,Puzzle
1245831,Flask
1324574,Sofa & Sectional
1603508,Best Selling sofas
1245832,Flask
1324575,Water Bottles
1603509,Lunch Boxes
1245833,Plain Case & Covers
1324576,Flip cover
1603510,realme Pad
1245834,Top Projectors
1324577,Cookware Set
1603511,Role Play Toys
1245835,Water Bottles
1324578,Plain Cases & Covers
1603512,realme Pad
1245836,Hurry!! Top Selling Helmets
1324579,BabyToys
1603513,Floormats
1245837,40-43 inch Smart TVs
1324580,Apple iPads
1603514,Recliners
1245838,Flask
1324581,Top Rated Printers
1603515,Office Study Chairs
1245839,Samsug Galaxy Tabs
1324582,Miss & Chief Kids Cycles
1603516,Role Play Toys
1245840,Designer Cases & Covers
1324583,Water Bottles
1603517,Recliners
1245841,Lunch Boxes
1324584,Top Trending Musical Instruments
1603518,Acoustic Guitars
1324584,Mi & REDMI
1603518,Instant cameras
1245842,Plain Case & Covers
1324585,Water Bottles
1603519,Hammock & Swings
1324585,Chopper
1603519,Mi & REDMI
1245843,Top Water Purifiers
1324586,Pressure Cookers
1603520,Floormats
1324586,Water Bottles
1603520,Recliners
1245844,Wireless Powerbanks
1324587,Puzzle
1603521,Mi & REDMI
1324587,Kitchen Tools
1603521,Decorate your Home
1245845,Samsug Galaxy Tabs
1324588,Water Bottles
1603522,Mirrorless cameras
1324588,Plain Cases & Covers
1603522,Android 11
1245846,Office Supplies
1324589,Pressure Cookers
1603523,Office Study Chairs
1324589,Puzzle
1603523,Pressure Cookers
1245847,Water Bottles
1324590,Soft Toys
1603524,Recliners
1324590,Wireless Powerbanks
1603524,Tempered Glass
1245848,Action Cameras
1324591,Mi & REDMI
1603525,Top Projectors
1324591,Recliners
1603525,Plain Case & Covers
1245849,BabyToys
1324592,Portable Laptop Table
1603526,Flask
1324592,40-43 inch Smart TVs
1603526,Sofa & Sectional
1245850,Water Bottles
1324593,Lunch Boxes
1603527,Plain Cases & Covers
1324593,Range of Stickers & Wallpapers
1603527,Floormats
1245851,Cookware Range
1324594,Sofa & Sectional
1603528,Role Play Toys
